,date,entry time,type,entry price,exit time,exit price,result,profit
0,16-02-24,03 : 10,bull,2003.3,03 : 50,2004.58,1.28,1.28
1,16-02-24,16 : 35,bull,1998.8,17 : 35,2007.42,8.62,9.9
2,19-02-24,15 : 05,bull,2018.4,03 : 30,2018.75,0.35,10.25
3,20-02-24,22 : 45,bull,2024.4,03 : 25,2025.31,0.91,11.16
4,21-02-24,11 : 20,bull,2027.4,15 : 05,2030.76,3.36,14.52
5,21-02-24,18 : 45,bull,2025.3,,2024.19,-1.11,13.41
6,22-02-24,13 : 45,bull,2029,,2023.22,-5.78,7.63
7,26-02-24,01 : 20,bull,2034.5,,2029.04,-5.46,2.17
8,27-02-24,19 : 50,bull,2031.8,20 : 15,2035.68,3.88,6.05
9,28-02-24,21 : 55,bull,2032.1,23 : 45,2034.75,2.65,8.7
10,29-02-24,13 : 25,bull,2031.5,,2030.22,-1.28,7.42
11,01-03-24,08 : 00,bull,2045.5,08 : 20,2047.74,2.24,9.66
12,01-03-24,11 : 05,bull,2040.8,12 : 05,2047.7,6.9,16.56
13,01-03-24,17 : 10,bull,2053.6,17 : 20,2061.57,7.97,24.53
14,04-03-24,03 : 40,bull,2081.3,08 : 50,2083.87,2.57,27.1
15,05-03-24,04 : 15,bull,2112.6,07 : 30,2117.21,4.61,31.71
16,06-03-24,11 : 05,bull,2126.3,13 : 35,2129.8,3.5,35.21
17,07-03-24,13 : 35,bull,2155.4,15 : 25,2161.24,5.84,41.05
18,07-03-24,16 : 50,bull,2153.1,01 : 55,2161.84,8.74,49.79
19,08-03-24,05 : 25,bull,2156.1,08 : 30,2160.35,4.25,54.04
20,08-03-24,21 : 30,bull,2176.7,00 : 05,2180.88,4.18,58.22
21,11-03-24,08 : 20,bull,2179.3,15 : 40,2183.64,4.34,62.56
22,12-03-24,06 : 10,bull,2178.3,,2176.21,-2.09,60.47
23,14-03-24,08 : 20,bull,2170,11 : 45,2171.91,1.91,62.38
24,14-03-24,14 : 40,bull,2167.3,,2162.7,-4.6,57.78
25,15-03-24,14 : 20,bull,2165.3,,2164.24,-1.06,56.72
26,19-03-24,03 : 55,bull,2160.2,10 : 15,2150.2,-10,46.72
27,19-03-24,10 : 45,bull,2150.4,,2153.07,2.67,49.39
28,20-03-24,02 : 50,bull,2156.3,03 : 20,2159.69,3.39,52.78
29,20-03-24,07 : 40,bull,2158.1,,2154.74,-3.36,49.42
30,21-03-24,10 : 55,bull,2201.3,12 : 10,2209.38,8.08,57.5
31,21-03-24,17 : 10,bull,2172.7,,2180.86,8.16,65.66
32,25-03-24,21 : 30,bull,2172.8,,2170.36,-2.44,63.22
33,26-03-24,15 : 15,bull,2192.3,15 : 40,2182.3,-10,53.22
34,26-03-24,16 : 05,bull,2185.8,17 : 10,2175.8,-10,43.22
35,26-03-24,18 : 10,bull,2176.4,,2175.96,-0.44,42.78
36,27-03-24,14 : 45,bull,2187.2,22 : 15,2194.9,7.7,50.48
37,28-03-24,02 : 25,bull,2189.5,04 : 25,2194,4.5,54.98
38,28-03-24,10 : 20,bull,2193.6,12 : 20,2206.25,12.65,67.63
39,01-04-24,14 : 30,bull,2249.7,16 : 05,2255.65,5.95,73.58
40,01-04-24,17 : 50,bull,2235.7,22 : 55,2244.65,8.95,82.53
41,03-04-24,11 : 15,bull,2269.9,17 : 10,2279.36,9.46,91.99
42,04-04-24,09 : 55,bull,2296,15 : 05,2286,-10,81.99
43,04-04-24,15 : 55,bull,2288.2,17 : 30,2298.9,10.7,92.69
44,04-04-24,20 : 10,bull,2290.4,21 : 10,2294.97,4.57,97.26
45,04-04-24,23 : 10,bull,2287,,2289.64,2.64,99.9
46,08-04-24,02 : 05,bull,2311.9,04 : 35,2317.14,5.24,105.14
47,08-04-24,15 : 50,bull,2330.4,17 : 00,2320.4,-10,95.14
48,09-04-24,14 : 50,bull,2353,18 : 50,2343,-10,85.14
49,10-04-24,04 : 55,bull,2348.5,07 : 30,2354.94,6.44,91.58
50,10-04-24,12 : 55,bull,2349.2,15 : 30,2339.2,-10,81.58
51,12-04-24,14 : 45,bull,2395.1,17 : 10,2414.07,18.97,100.55
52,12-04-24,19 : 55,bull,2371.6,20 : 10,2361.6,-10,90.55
53,12-04-24,20 : 30,bull,2358.2,20 : 40,2348.2,-10,80.55
54,12-04-24,20 : 55,bull,2357.5,21 : 25,2347.5,-10,70.55
55,12-04-24,22 : 10,bull,2338.8,,2343.25,4.45,75
56,16-04-24,10 : 35,bull,2372.3,18 : 00,2388.69,16.39,91.39
57,17-04-24,01 : 00,bull,2383.3,09 : 15,2373.3,-10,81.39
58,17-04-24,09 : 35,bull,2377.9,11 : 25,2388.58,10.68,92.07
59,17-04-24,16 : 00,bull,2383.7,16 : 40,2393.46,9.76,101.83
60,17-04-24,20 : 25,bull,2373.2,,2372.15,-1.05,100.78
61,19-04-24,03 : 45,bull,2377.4,04 : 00,2383.84,6.44,107.22
62,19-04-24,14 : 35,bull,2377,,2376.77,-0.23,106.99
63,19-04-24,23 : 35,bull,2389.2,04 : 20,2379.2,-10,96.99
64,22-04-24,04 : 50,bull,2378.6,,2378,-0.6,96.39
65,24-04-24,04 : 20,bull,2321.8,06 : 20,2326,4.2,100.59
66,24-04-24,11 : 50,bull,2318.8,,2316.77,-2.03,98.56
67,24-04-24,23 : 55,bull,2315.7,,2315.96,0.26,98.82
68,25-04-24,17 : 00,bull,2320.7,17 : 35,2342.69,21.99,120.81
69,26-04-24,03 : 50,bull,2330.2,05 : 10,2334.95,4.75,125.56
70,26-04-24,15 : 25,bull,2344.3,17 : 35,2334.3,-10,115.56
71,26-04-24,18 : 15,bull,2334.4,,2331.97,-2.43,113.13
72,29-04-24,15 : 55,bull,2333.2,19 : 10,2343.38,10.18,123.31
73,02-05-24,06 : 25,bull,2319.4,10 : 15,2309.4,-10,113.31
74,02-05-24,11 : 45,bull,2306.6,13 : 10,2296.6,-10,103.31
75,02-05-24,13 : 25,bull,2298.3,,2299.26,0.96,104.27
76,07-05-24,05 : 25,bull,2322.4,11 : 10,2312.4,-10,94.27
77,07-05-24,11 : 50,bull,2316.5,,2313.74,-2.76,91.51
78,10-05-24,16 : 10,bull,2365.1,03 : 45,2364.1,-1,90.51
79,13-05-24,04 : 50,bull,2358.9,,2352.61,-6.29,84.22
80,15-05-24,08 : 30,bull,2357.2,10 : 05,2361.52,4.32,88.54
81,15-05-24,17 : 10,bull,2363.7,18 : 05,2377.65,13.95,102.49
82,16-05-24,13 : 50,bull,2383.7,16 : 15,2373.7,-10,92.49
83,20-05-24,15 : 50,bull,2413.8,20 : 20,2431.5,17.7,110.19
84,21-05-24,19 : 50,bull,2421.7,22 : 20,2424.79,3.09,113.28
85,27-05-24,11 : 10,bull,2340.5,11 : 40,2344.24,3.74,117.02
86,28-05-24,01 : 15,bull,2352.7,09 : 20,2342.7,-10,107.02
87,28-05-24,10 : 20,bull,2344.8,,2344.94,0.14,107.16
88,29-05-24,09 : 45,bull,2354.9,12 : 00,2344.9,-10,97.16
89,29-05-24,12 : 45,bull,2344.7,,2345.77,1.07,98.23
90,31-05-24,06 : 40,bull,2339.7,15 : 30,2349.46,9.76,107.99
91,31-05-24,18 : 45,bull,2333,,2330.1,-2.9,105.09
92,04-06-24,05 : 05,bull,2347.6,11 : 00,2337.6,-10,95.09
93,04-06-24,11 : 45,bull,2335.1,,2329.93,-5.17,89.92
94,05-06-24,09 : 55,bull,2333.7,15 : 20,2336.05,2.35,92.27
95,06-06-24,09 : 45,bull,2366.8,15 : 45,2356.8,-10,82.27
96,07-06-24,05 : 10,bull,2371.3,07 : 20,2382.46,11.16,93.43
97,11-06-24,05 : 25,bull,2303,,2301.92,-1.08,92.35
98,12-06-24,04 : 50,bull,2312.4,09 : 30,2317.15,4.75,97.1
99,12-06-24,10 : 50,bull,2313.4,15 : 30,2324.56,11.16,108.26
100,12-06-24,21 : 30,bull,2331.4,21 : 45,2321.4,-10,98.26
101,12-06-24,22 : 50,bull,2319.9,04 : 35,2309.9,-10,88.26
102,13-06-24,05 : 00,bull,2313,,2314.19,1.19,89.45
103,17-06-24,02 : 30,bull,2328.4,08 : 55,2318.4,-10,79.45
104,17-06-24,09 : 15,bull,2319.2,,2317.02,-2.18,77.27
105,18-06-24,08 : 35,bull,2323.2,,2315.56,-7.64,69.63
106,19-06-24,07 : 35,bull,2328.1,11 : 05,2334.28,6.18,75.81
107,19-06-24,13 : 05,bull,2328.5,15 : 00,2332.57,4.07,79.88
108,20-06-24,11 : 50,bull,2334.8,13 : 40,2339.14,4.34,84.22
109,21-06-24,04 : 55,bull,2360.6,08 : 35,2364.29,3.69,87.91
110,21-06-24,10 : 30,bull,2357.2,11 : 25,2367.72,10.52,98.43
111,21-06-24,17 : 30,bull,2335.5,,2329.99,-5.51,92.92
112,25-06-24,03 : 45,bull,2329.6,,2326.52,-3.08,89.84
113,25-06-24,16 : 15,bull,2326.2,,2325.73,-0.47,89.37
114,28-06-24,04 : 50,bull,2320.9,08 : 35,2324.23,3.33,92.7
115,28-06-24,17 : 10,bull,2332.2,03 : 25,2322.2,-10,82.7
116,01-07-24,16 : 30,bull,2328,03 : 00,2333.53,5.53,88.23
117,02-07-24,07 : 25,bull,2326.2,08 : 50,2330.26,4.06,92.29
118,02-07-24,10 : 45,bull,2327.8,,2324.55,-3.25,89.04
119,03-07-24,20 : 15,bull,2357,01 : 50,2358.38,1.38,90.42
120,04-07-24,09 : 40,bull,2354.7,04 : 10,2359.68,4.98,95.4
121,08-07-24,02 : 40,bull,2386.5,11 : 20,2376.5,-10,85.4
122,08-07-24,12 : 55,bull,2370.2,,2374.16,3.96,89.36
123,10-07-24,21 : 00,bull,2373.3,04 : 05,2375.31,2.01,91.37
124,12-07-24,08 : 45,bull,2408.5,14 : 05,2398.5,-10,81.37
125,12-07-24,16 : 10,bull,2404.2,,2403.28,-0.92,80.45
126,15-07-24,01 : 00,bull,2411.8,07 : 00,2412.26,0.46,80.91
127,15-07-24,09 : 45,bull,2404.7,11 : 35,2410.91,6.21,87.12
128,15-07-24,21 : 10,bull,2422.3,04 : 45,2426.68,4.38,91.5
129,16-07-24,16 : 10,bull,2437.2,17 : 55,2452.09,14.89,106.39
130,17-07-24,06 : 40,bull,2470.7,10 : 50,2473.06,2.36,108.75
131,17-07-24,18 : 25,bull,2465,19 : 20,2455,-10,98.75
132,17-07-24,19 : 35,bull,2457.2,,2457.9,0.7,99.45
133,18-07-24,12 : 35,bull,2467.1,19 : 00,2457.1,-10,89.45
134,24-07-24,21 : 30,bull,2408.9,22 : 55,2398.9,-10,79.45
135,24-07-24,23 : 35,bull,2398.8,,2397.23,-1.57,77.88
136,29-07-24,05 : 00,bull,2393.1,17 : 40,2383.1,-10,67.88
137,29-07-24,18 : 40,bull,2375.9,,2378.02,2.12,70
138,31-07-24,04 : 25,bull,2407.8,06 : 10,2415.03,7.23,77.23
139,01-08-24,06 : 25,bull,2443.2,11 : 50,2433.2,-10,67.23
140,01-08-24,12 : 10,bull,2434.7,14 : 25,2438.64,3.94,71.17
141,01-08-24,20 : 50,bull,2438.7,01 : 00,2447.21,8.51,79.68
142,02-08-24,04 : 45,bull,2445.3,06 : 05,2456.12,10.82,90.5
143,02-08-24,15 : 35,bull,2474.3,15 : 45,2475.11,0.81,91.31
144,02-08-24,18 : 30,bull,2426.5,,2430.36,3.86,95.17
145,07-08-24,19 : 40,bull,2394.9,21 : 35,2384.9,-10,85.17
146,09-08-24,09 : 25,bull,2419.4,10 : 45,2426.36,6.96,92.13
147,09-08-24,21 : 40,bull,2428.9,07 : 30,2431.11,2.21,94.34
148,13-08-24,04 : 50,bull,2465.3,14 : 20,2464.58,-0.72,93.62
149,13-08-24,22 : 50,bull,2465.7,04 : 15,2469.72,4.02,97.64
150,14-08-24,05 : 45,bull,2460.5,,2461.79,1.29,98.93
151,14-08-24,16 : 10,bull,2467.9,16 : 20,2457.9,-10,88.93
152,14-08-24,16 : 40,bull,2456.8,,2450.13,-6.67,82.26
153,15-08-24,16 : 20,bull,2444.3,,2444.36,0.06,82.32
154,16-08-24,07 : 10,bull,2453.1,08 : 45,2455.51,2.41,84.73
155,19-08-24,04 : 30,bull,2498.5,14 : 05,2488.5,-10,74.73
156,19-08-24,14 : 15,bull,2491.4,17 : 35,2503.05,11.65,86.38
157,20-08-24,19 : 10,bull,2507.8,23 : 15,2516.43,8.63,95.01
158,26-08-24,17 : 30,bull,2517.4,19 : 55,2520.08,2.68,97.69
159,27-08-24,03 : 20,bull,2516,05 : 05,2506,-10,87.69
160,27-08-24,05 : 35,bull,2507.9,,2508.66,0.76,88.45
161,28-08-24,05 : 05,bull,2518.2,08 : 20,2508.2,-10,78.45
162,29-08-24,16 : 00,bull,2509.4,18 : 05,2524.5,15.1,93.55
163,30-08-24,04 : 20,bull,2517.9,,2513.27,-4.63,88.92
164,30-08-24,14 : 05,bull,2517.4,17 : 35,2507.4,-10,78.92
165,05-09-24,08 : 05,bull,2494.6,08 : 40,2497.89,3.29,82.21
166,05-09-24,18 : 35,bull,2508.7,20 : 55,2515.01,6.31,88.52
167,06-09-24,04 : 45,bull,2515.4,08 : 15,2520.4,5,93.52
168,06-09-24,15 : 30,bull,2517.3,15 : 30,2525.05,7.75,101.27
169,10-09-24,05 : 35,bull,2503.7,09 : 05,2505.42,1.72,102.99
170,10-09-24,17 : 35,bull,2505.6,18 : 30,2514.67,9.07,112.06
171,11-09-24,16 : 00,bull,2510.8,,2509.34,-1.46,110.6
172,12-09-24,10 : 30,bull,2516.1,15 : 15,2521.9,5.8,116.4
173,16-09-24,01 : 30,bull,2578.8,05 : 15,2584.34,5.54,121.94
174,16-09-24,10 : 45,bull,2583.8,05 : 20,2585.39,1.59,123.53
175,17-09-24,07 : 05,bull,2578.4,,2576.82,-1.58,121.95
176,18-09-24,17 : 40,bull,2570.7,,2569.63,-1.07,120.88
177,19-09-24,16 : 10,bull,2582.4,16 : 50,2572.4,-10,110.88
178,20-09-24,04 : 45,bull,2588,05 : 35,2591.72,3.72,114.6
179,20-09-24,17 : 05,bull,2608.2,05 : 30,2623.3,15.1,129.7
180,23-09-24,11 : 00,bull,2616.2,13 : 10,2622.9,6.7,136.4
181,24-09-24,03 : 15,bull,2626.5,04 : 10,2628.94,2.44,138.84
182,24-09-24,09 : 45,bull,2627.2,13 : 05,2632.96,5.76,144.6
183,24-09-24,15 : 25,bull,2627.6,16 : 00,2634.33,6.73,151.33
184,25-09-24,20 : 00,bull,2654.5,20 : 30,2661.87,7.37,158.7
185,26-09-24,01 : 20,bull,2658.1,10 : 50,2665.81,7.71,166.41
186,26-09-24,16 : 30,bull,2668.1,16 : 50,2658.1,-10,156.41
187,27-09-24,09 : 00,bull,2665.2,,2662.46,-2.74,153.67
188,02-10-24,04 : 05,bull,2658.5,04 : 50,2661.69,3.19,156.86
189,02-10-24,08 : 05,bull,2655,08 : 50,2645,-10,146.86
190,02-10-24,09 : 10,bull,2648.7,10 : 55,2655.33,6.63,153.49
191,03-10-24,08 : 50,bull,2654.2,10 : 50,2644.2,-10,143.49
192,04-10-24,02 : 15,bull,2656.3,04 : 20,2658.34,2.04,145.53
193,04-10-24,10 : 25,bull,2662.1,15 : 30,2652.1,-10,135.53
194,04-10-24,16 : 05,bull,2642.8,,2651.83,9.03,144.56
195,07-10-24,16 : 05,bull,2643.8,,2642.7,-1.1,143.46
196,10-10-24,15 : 05,bull,2614.8,15 : 30,2620.77,5.97,149.43
197,11-10-24,10 : 15,bull,2641.5,14 : 55,2644.64,3.14,152.57
198,14-10-24,01 : 50,bull,2650.3,05 : 40,2652.51,2.21,154.78
199,14-10-24,15 : 05,bull,2654.1,16 : 40,2659.08,4.98,159.76
200,15-10-24,15 : 10,bull,2650.3,17 : 45,2663.37,13.07,172.83
201,16-10-24,03 : 55,bull,2659.8,04 : 50,2666.18,6.38,179.21
202,16-10-24,18 : 20,bull,2672.9,03 : 30,2676.98,4.08,183.29
203,17-10-24,12 : 40,bull,2679.6,13 : 20,2685.64,6.04,189.33
204,17-10-24,15 : 50,bull,2678.8,17 : 35,2694.67,15.87,205.2
205,18-10-24,09 : 55,bull,2706.5,12 : 15,2710.75,4.25,209.45
206,18-10-24,16 : 40,bull,2710.7,17 : 35,2718.67,7.97,217.42
207,21-10-24,09 : 20,bull,2726.8,10 : 00,2731.3,4.5,221.92
208,21-10-24,13 : 50,bull,2732,14 : 40,2737.73,5.73,227.65
209,21-10-24,18 : 30,bull,2722.3,,2719.92,-2.38,225.27
210,22-10-24,13 : 10,bull,2732.4,13 : 40,2738.6,6.2,231.47
211,22-10-24,15 : 05,bull,2733.7,20 : 00,2747.18,13.48,244.95
212,23-10-24,03 : 55,bull,2746.1,06 : 40,2743.85,-2.25,242.7
213,23-10-24,13 : 20,bull,2751.9,15 : 55,2741.9,-10,232.7
214,23-10-24,16 : 25,bull,2738.2,17 : 10,2728.2,-10,222.7
215,24-10-24,17 : 55,bull,2730,,2726.01,-3.99,218.71
216,28-10-24,00 : 55,bull,2734.3,07 : 50,2737.62,3.32,222.03
217,28-10-24,11 : 10,bull,2733.5,,2732.25,-1.25,220.78
218,29-10-24,10 : 35,bull,2752.4,15 : 40,2760.64,8.24,229.02
219,30-10-24,16 : 15,bull,2779.7,,2778.21,-1.49,227.53
220,06-11-24,03 : 15,bull,2739,03 : 40,2747.81,8.81,236.34
221,07-11-24,21 : 35,bull,2695.2,22 : 10,2704.93,9.73,246.07
222,08-11-24,03 : 50,bull,2702.7,08 : 05,2692.7,-10,236.07
223,08-11-24,09 : 20,bull,2685.5,13 : 40,2693.19,7.69,243.76
224,13-11-24,17 : 40,bull,2600.6,,2605.37,4.77,248.53
225,15-11-24,19 : 20,bull,2563.6,,2567.48,3.88,252.41
226,18-11-24,08 : 15,bull,2585.5,11 : 40,2593.72,8.22,260.63
227,20-11-24,07 : 20,bull,2636.7,09 : 25,2626.7,-10,250.63
228,20-11-24,10 : 35,bull,2622.9,,2625.09,2.19,252.82
229,22-11-24,16 : 20,bull,2691.6,17 : 35,2702.16,10.56,263.38
230,25-11-24,03 : 55,bull,2700,05 : 20,2690,-10,253.38
231,25-11-24,06 : 00,bull,2673.2,,2672.5,-0.7,252.68
232,27-11-24,22 : 05,bull,2635.9,,2635.95,0.05,252.73
233,28-11-24,17 : 45,bull,2639,,2636.08,-2.92,249.81
234,29-11-24,21 : 40,bull,2650.1,02 : 35,2640.1,-10,239.81
235,02-12-24,02 : 55,bull,2638.8,,2637.45,-1.35,238.46
236,03-12-24,10 : 55,bull,2644.9,15 : 25,2646.37,1.47,239.93
237,03-12-24,17 : 50,bull,2640.4,,2642.24,1.84,241.77
238,04-12-24,10 : 05,bull,2642.1,,2644.4,2.3,244.07
239,05-12-24,17 : 50,bull,2636,,2640.23,4.23,248.3
240,06-12-24,13 : 05,bull,2635.5,,2638.47,2.97,251.27
241,09-12-24,23 : 00,bull,2658.5,02 : 55,2664.95,6.45,257.72
242,10-12-24,10 : 35,bull,2663.6,12 : 35,2673.28,9.68,267.4
243,11-12-24,07 : 35,bull,2679.1,17 : 00,2709.55,30.45,297.85
244,12-12-24,04 : 30,bull,2708.4,08 : 55,2718,9.6,307.45
245,12-12-24,12 : 30,bull,2713.6,15 : 15,2703.6,-10,297.45
246,12-12-24,16 : 50,bull,2688,,2686.68,-1.32,296.13
247,18-12-24,06 : 35,bull,2644.7,,2645.17,0.47,296.6
248,20-12-24,23 : 45,bull,2622.1,08 : 40,2632.39,10.29,306.89
249,23-12-24,13 : 10,bull,2618.9,,2609.71,-9.19,297.7
250,24-12-24,12 : 05,bull,2615,,2615.59,0.59,298.29
251,26-12-24,15 : 00,bull,2627.2,17 : 00,2630.85,3.65,301.94
252,26-12-24,20 : 00,bull,2629.7,05 : 30,2634.88,5.18,307.12
253,27-12-24,11 : 20,bull,2627.6,,2626.66,-0.94,306.18
254,31-12-24,15 : 25,bull,2612.6,17 : 30,2621.85,9.25,315.43
255,02-01-25,01 : 55,bull,2624.3,03 : 05,2629.58,5.28,320.71
256,02-01-25,15 : 50,bull,2643.2,17 : 30,2652.23,9.03,329.74
257,03-01-25,08 : 00,bull,2658.9,15 : 20,2648.9,-10,319.74
258,03-01-25,15 : 50,bull,2649.1,,2643.84,-5.26,314.48
259,07-01-25,17 : 50,bull,2649.7,07 : 30,2649.8,0.1,314.58
260,08-01-25,13 : 55,bull,2650.6,15 : 05,2657.27,6.67,321.25
261,08-01-25,20 : 05,bull,2658.4,22 : 50,2663.78,5.38,326.63
262,09-01-25,03 : 35,bull,2659.4,08 : 30,2661.9,2.5,329.13
263,09-01-25,20 : 05,bull,2666.7,04 : 15,2672.76,6.06,335.19
264,10-01-25,14 : 45,bull,2677.8,15 : 30,2667.8,-10,325.19
265,10-01-25,15 : 45,bull,2676.3,16 : 30,2693.02,16.72,341.91
266,10-01-25,21 : 35,bull,2687.7,23 : 05,2692.98,5.28,347.19
267,13-01-25,03 : 50,bull,2684.3,08 : 20,2690.89,6.59,353.78
268,13-01-25,10 : 05,bull,2688.8,12 : 25,2678.8,-10,343.78
269,13-01-25,12 : 35,bull,2680.7,,2675.98,-4.72,339.06
270,15-01-25,03 : 20,bull,2673.8,07 : 45,2678.31,4.51,343.57
271,16-01-25,08 : 35,bull,2692.5,09 : 10,2697.83,5.33,348.9
272,16-01-25,14 : 50,bull,2704.1,15 : 30,2713.51,9.41,358.31
273,16-01-25,21 : 05,bull,2717.1,11 : 25,2707.1,-10,348.31
274,17-01-25,12 : 25,bull,2704.9,,2708.06,3.16,351.47
275,21-01-25,03 : 15,bull,2711.2,03 : 55,2718.07,6.87,358.34
276,21-01-25,11 : 20,bull,2721.3,14 : 35,2726.12,4.82,363.16
277,22-01-25,09 : 15,bull,2750.5,11 : 05,2756.33,5.83,368.99
278,23-01-25,06 : 05,bull,2751.5,08 : 20,2755.47,3.97,372.96
279,23-01-25,11 : 55,bull,2746.2,,2745.87,-0.33,372.63
280,27-01-25,01 : 45,bull,2768.6,04 : 10,2758.6,-10,362.63
281,29-01-25,06 : 25,bull,2763.3,10 : 15,2763.24,-0.06,362.57
282,29-01-25,13 : 10,bull,2758.8,17 : 35,2748.8,-10,352.57
283,29-01-25,17 : 50,bull,2754.7,,2751.54,-3.16,349.41
284,30-01-25,07 : 50,bull,2760.4,08 : 55,2765.61,5.21,354.62
285,31-01-25,21 : 20,bull,2801.3,01 : 20,2791.3,-10,344.62
286,03-02-25,02 : 05,bull,2794.8,03 : 05,2784.8,-10,334.62
287,03-02-25,03 : 50,bull,2784,,2782.27,-1.73,332.89
288,04-02-25,01 : 30,bull,2814.4,03 : 20,2820.25,5.85,338.74
289,04-02-25,08 : 45,bull,2813.1,11 : 45,2820.66,7.56,346.3
290,05-02-25,16 : 05,bull,2863.7,17 : 45,2879.96,16.26,362.56
291,05-02-25,21 : 15,bull,2866.7,01 : 45,2870.24,3.54,366.1
292,06-02-25,10 : 35,bull,2853.8,,2859.43,5.63,371.73
293,07-02-25,08 : 10,bull,2862.6,11 : 05,2869.93,7.33,379.06
294,07-02-25,15 : 30,bull,2864.7,15 : 30,2854.7,-10,369.06
295,07-02-25,19 : 40,bull,2858.9,,2861.3,2.4,371.46
296,10-02-25,19 : 40,bull,2900.2,01 : 00,2911.7,11.5,382.96
297,11-02-25,15 : 25,bull,2889.4,,2896.36,6.96,389.92
298,12-02-25,21 : 50,bull,2897.1,23 : 45,2903.94,6.84,396.76
299,13-02-25,16 : 15,bull,2913.2,20 : 55,2924.13,10.93,407.69
300,14-02-25,06 : 25,bull,2926.3,08 : 05,2932.45,6.15,413.84
301,14-02-25,14 : 15,bull,2931.8,15 : 40,2921.8,-10,403.84
302,14-02-25,16 : 15,bull,2923.7,17 : 15,2913.7,-10,393.84
303,19-02-25,03 : 05,bull,2931.6,03 : 45,2937.59,5.99,399.83
304,19-02-25,05 : 40,bull,2929.3,07 : 50,2932.95,3.65,403.48
305,19-02-25,14 : 35,bull,2935.3,18 : 00,2925.3,-10,393.48
306,20-02-25,15 : 00,bull,2945.9,15 : 45,2935.9,-10,383.48
307,20-02-25,16 : 30,bull,2930.3,,2937.79,7.49,390.97
308,21-02-25,22 : 30,bull,2935.1,03 : 10,2925.1,-10,380.97
309,24-02-25,03 : 30,bull,2926.4,,2928.07,1.67,382.64
310,24-02-25,13 : 05,bull,2939.3,13 : 55,2947.74,8.44,391.08
311,24-02-25,17 : 15,bull,2937.2,21 : 00,2949.27,12.07,403.15
312,25-02-25,04 : 00,bull,2949.8,05 : 45,2939.8,-10,393.15
313,25-02-25,06 : 30,bull,2937.5,,2935.78,-1.72,391.43
314,03-03-25,05 : 40,bull,2865.1,11 : 15,2869.81,4.71,396.14
315,03-03-25,22 : 30,bull,2883.9,23 : 20,2893.01,9.11,405.25
316,04-03-25,03 : 45,bull,2887.9,09 : 20,2893.91,6.01,411.26
317,04-03-25,17 : 05,bull,2909.1,22 : 05,2917.74,8.64,419.9
318,05-03-25,03 : 30,bull,2910.9,07 : 50,2916.98,6.08,425.98
319,05-03-25,16 : 05,bull,2905.4,18 : 20,2929.26,23.86,449.84
320,06-03-25,07 : 30,bull,2916.6,10 : 00,2906.6,-10,439.84
321,06-03-25,10 : 55,bull,2904.9,,2904.78,-0.12,439.72
322,06-03-25,23 : 35,bull,2910.2,,2910.74,0.54,440.26
323,07-03-25,15 : 35,bull,2921.4,16 : 00,2911.4,-10,430.26
324,07-03-25,19 : 35,bull,2909.9,,2905.18,-4.72,425.54
325,12-03-25,06 : 45,bull,2915.9,08 : 05,2920.19,4.29,429.83
326,12-03-25,15 : 50,bull,2916,17 : 00,2924.21,8.21,438.04
327,13-03-25,08 : 15,bull,2938.7,10 : 10,2941.4,2.7,440.74
328,14-03-25,07 : 55,bull,2985.9,10 : 20,2991.6,5.7,446.44
329,14-03-25,21 : 05,bull,2985.6,01 : 20,2992.87,7.27,453.71
330,17-03-25,05 : 35,bull,2987.2,08 : 20,2988.07,0.87,454.58
331,17-03-25,10 : 25,bull,2986.1,11 : 20,2991.78,5.68,460.26
332,17-03-25,14 : 40,bull,2993.6,16 : 25,2997.91,4.31,464.57
333,18-03-25,07 : 45,bull,3013.7,10 : 20,3022.04,8.34,472.91
334,19-03-25,02 : 25,bull,3032.3,05 : 15,3035.48,3.18,476.09
335,19-03-25,11 : 20,bull,3027,12 : 35,3037.23,10.23,486.32
336,19-03-25,15 : 55,bull,3032.7,18 : 20,3037.79,5.09,491.41
337,20-03-25,05 : 15,bull,3048.7,06 : 30,3055.24,6.54,497.95
338,20-03-25,08 : 10,bull,3049,10 : 25,3039,-10,487.95
339,20-03-25,10 : 35,bull,3042.3,12 : 15,3032.3,-10,477.95
340,20-03-25,12 : 55,bull,3033.6,,3034.42,0.82,478.77
341,21-03-25,04 : 55,bull,3034.9,,3034.7,-0.2,478.57
342,25-03-25,14 : 35,bull,3020,15 : 35,3027.84,7.84,486.41
343,26-03-25,03 : 15,bull,3019.1,03 : 50,3024.1,5,491.41
344,26-03-25,06 : 15,bull,3017.2,07 : 50,3021.78,4.58,495.99
345,26-03-25,11 : 55,bull,3020.2,13 : 20,3027.84,7.64,503.63
346,26-03-25,16 : 35,bull,3017.6,,3015.85,-1.75,501.88
347,27-03-25,15 : 55,bull,3039.3,16 : 45,3058.97,19.67,521.55
348,28-03-25,10 : 45,bull,3071.8,13 : 25,3078.51,6.71,528.26
349,31-03-25,04 : 20,bull,3082.5,04 : 30,3094.76,12.26,540.52
350,31-03-25,13 : 20,bull,3115.9,15 : 25,3125.08,9.18,549.7
351,31-03-25,16 : 55,bull,3111.9,04 : 00,3129.59,17.69,567.39
352,01-04-25,09 : 25,bull,3135.9,10 : 40,3125.9,-10,557.39
353,01-04-25,11 : 05,bull,3130.8,18 : 40,3120.8,-10,547.39
354,01-04-25,19 : 30,bull,3108.8,,3106.65,-2.15,545.24
355,02-04-25,14 : 15,bull,3120.3,,3121.23,0.93,546.17
356,03-04-25,08 : 55,bull,3132.2,09 : 25,3122.2,-10,536.17
357,03-04-25,09 : 35,bull,3124.2,13 : 05,3114.2,-10,526.17
358,08-04-25,20 : 40,bull,2980.2,,2985.08,4.88,531.05
359,09-04-25,21 : 25,bull,3064.8,03 : 30,3098.04,33.24,564.29
360,10-04-25,11 : 20,bull,3112.9,15 : 05,3128.49,15.59,579.88
361,11-04-25,09 : 25,bull,3200.5,11 : 20,3223.23,22.73,602.61
362,11-04-25,20 : 30,bull,3228.3,01 : 00,3218.3,-10,592.61
363,14-04-25,01 : 50,bull,3223,04 : 30,3234.51,11.51,604.12
364,14-04-25,08 : 30,bull,3225.3,13 : 20,3215.3,-10,594.12
365,14-04-25,13 : 50,bull,3214,15 : 40,3204,-10,584.12
366,14-04-25,16 : 25,bull,3200.9,,3204.58,3.68,587.8
367,15-04-25,10 : 55,bull,3222.1,11 : 10,3231.12,9.02,596.82
368,15-04-25,15 : 00,bull,3221.1,20 : 40,3228.8,7.7,604.52
369,17-04-25,05 : 15,bull,3335.3,09 : 00,3325.3,-10,594.52
370,17-04-25,09 : 15,bull,3331.1,10 : 10,3321.1,-10,584.52
371,17-04-25,10 : 40,bull,3322.9,14 : 15,3331.63,8.73,593.25
372,17-04-25,18 : 00,bull,3292.5,,3296.32,3.82,597.07
373,22-04-25,03 : 45,bull,3426.8,04 : 35,3450.4,23.6,620.67
374,22-04-25,10 : 35,bull,3473.4,11 : 20,3463.4,-10,610.67
375,22-04-25,12 : 10,bull,3455.9,15 : 40,3445.9,-10,600.67
376,22-04-25,16 : 10,bull,3438.6,16 : 35,3428.6,-10,590.67
377,22-04-25,16 : 50,bull,3427.2,18 : 25,3417.2,-10,580.67
378,24-04-25,17 : 25,bull,3316,22 : 40,3341.72,25.72,606.39
379,25-04-25,07 : 45,bull,3323.5,08 : 30,3313.5,-10,596.39
380,29-04-25,01 : 35,bull,3338.8,03 : 50,3328.8,-10,586.39
381,29-04-25,06 : 35,bull,3316.7,08 : 15,3306.7,-10,576.39
382,02-05-25,16 : 20,bull,3249.4,18 : 35,3239.4,-10,566.39
383,02-05-25,19 : 25,bull,3235,19 : 55,3225,-10,556.39
384,06-05-25,04 : 00,bull,3329.9,04 : 00,3349.78,19.88,576.27
385,07-05-25,02 : 05,bull,3388.1,03 : 35,3378.1,-10,566.27
386,07-05-25,03 : 55,bull,3374.5,04 : 25,3364.5,-10,556.27
387,07-05-25,13 : 05,bull,3374.1,21 : 10,3395.29,21.19,577.46
388,07-05-25,22 : 50,bull,3374.6,,3371.92,-2.68,574.78
389,08-05-25,08 : 35,bull,3377.8,08 : 50,3367.8,-10,564.78
390,08-05-25,09 : 55,bull,3330.7,,3329.92,-0.78,564
391,09-05-25,23 : 05,bull,3329.3,01 : 00,3319.3,-10,554
392,12-05-25,01 : 50,bull,3277.8,,3272.68,-5.12,548.88
393,13-05-25,15 : 40,bull,3247.5,16 : 15,3237.5,-10,538.88
394,14-05-25,03 : 55,bull,3245.2,05 : 25,3235.2,-10,528.88
395,16-05-25,04 : 55,bull,3221.9,06 : 00,3211.9,-10,518.88
396,16-05-25,06 : 35,bull,3213.6,09 : 10,3228.5,14.9,533.78
397,16-05-25,11 : 30,bull,3206,13 : 40,3196,-10,523.78
398,16-05-25,14 : 20,bull,3175.8,14 : 50,3165.8,-10,513.78
399,19-05-25,05 : 05,bull,3222.7,06 : 45,3212.7,-10,503.78
400,19-05-25,07 : 20,bull,3215.8,09 : 10,3226.87,11.07,514.85
401,19-05-25,16 : 15,bull,3238.3,16 : 30,3228.3,-10,504.85
402,19-05-25,17 : 20,bull,3228,03 : 20,3218,-10,494.85
403,20-05-25,03 : 45,bull,3221.3,05 : 20,3211.3,-10,484.85
404,21-05-25,15 : 55,bull,3303.2,22 : 05,3322.63,19.43,504.28
405,22-05-25,09 : 05,bull,3335.2,10 : 05,3325.2,-10,494.28
406,22-05-25,12 : 30,bull,3307.9,13 : 30,3297.9,-10,484.28
407,22-05-25,13 : 45,bull,3300.1,13 : 55,3290.1,-10,474.28
408,22-05-25,14 : 20,bull,3294,14 : 55,3314.56,20.56,494.84
409,26-05-25,01 : 35,bull,3348.9,03 : 10,3338.9,-10,484.84
410,26-05-25,03 : 50,bull,3336.2,05 : 35,3352.77,16.57,501.41
411,26-05-25,10 : 45,bull,3335,12 : 25,3325,-10,491.41
412,26-05-25,12 : 55,bull,3329.5,,3328.53,-0.97,490.44
413,27-05-25,05 : 00,bull,3336.2,08 : 30,3326.2,-10,480.44
414,28-05-25,14 : 30,bull,3313.8,16 : 35,3303.8,-10,470.44
415,30-05-25,06 : 05,bull,3300.4,08 : 05,3290.4,-10,460.44
416,03-06-25,04 : 30,bull,3369,08 : 25,3359,-10,450.44
417,03-06-25,10 : 20,bull,3358.5,16 : 45,3348.5,-10,440.44
418,04-06-25,09 : 00,bull,3353,,3355.69,2.69,443.13
419,04-06-25,14 : 40,bull,3348.7,,3346.57,-2.13,441
420,04-06-25,23 : 05,bull,3373.8,02 : 25,3378.63,4.83,445.83
421,05-06-25,09 : 00,bull,3364.6,12 : 10,3378.68,14.08,459.91
422,05-06-25,16 : 35,bull,3385.3,17 : 00,3375.3,-10,449.91
423,05-06-25,19 : 15,bull,3350.5,,3354.21,3.71,453.62
424,09-06-25,23 : 05,bull,3329.1,03 : 35,3319.1,-10,443.62
425,10-06-25,04 : 05,bull,3319.7,04 : 25,3309.7,-10,433.62
426,10-06-25,18 : 30,bull,3326.8,22 : 20,3330.84,4.04,437.66
427,11-06-25,14 : 15,bull,3331.2,15 : 30,3355.73,24.53,462.19
428,11-06-25,20 : 55,bull,3325.7,21 : 10,3342.05,16.35,478.54
429,12-06-25,09 : 50,bull,3373.7,10 : 30,3363.7,-10,468.54
430,12-06-25,11 : 15,bull,3351.2,13 : 15,3371.5,20.3,488.84
431,12-06-25,20 : 45,bull,3382.9,02 : 45,3389.82,6.92,495.76
432,13-06-25,10 : 25,bull,3417.1,15 : 35,3432.23,15.13,510.89
433,16-06-25,07 : 20,bull,3431.4,08 : 40,3421.4,-10,500.89
434,16-06-25,08 : 50,bull,3422.9,10 : 10,3412.9,-10,490.89
435,16-06-25,10 : 35,bull,3416,,3413.85,-2.15,488.74
436,23-06-25,03 : 45,bull,3366.3,04 : 20,3356.3,-10,478.74
437,23-06-25,05 : 05,bull,3358.9,08 : 35,3348.9,-10,468.74
438,23-06-25,08 : 45,bull,3353.9,,3356.77,2.87,471.61
439,23-06-25,16 : 05,bull,3364.1,16 : 35,3376.72,12.62,484.23
440,24-06-25,01 : 30,bull,3358.2,02 : 30,3348.2,-10,474.23
441,26-06-25,13 : 00,bull,3341.6,14 : 55,3331.6,-10,464.23
442,26-06-25,15 : 10,bull,3335.8,15 : 55,3325.8,-10,454.23
443,26-06-25,16 : 20,bull,3325.4,16 : 30,3315.4,-10,444.23
444,26-06-25,16 : 45,bull,3321.7,,3318.37,-3.33,440.9
445,30-06-25,12 : 40,bull,3284.1,,3284.8,0.7,441.6
446,02-07-25,10 : 30,bull,3330.5,12 : 30,3340.95,10.45,452.05
447,03-07-25,12 : 55,bull,3347.2,15 : 30,3337.2,-10,442.05
448,03-07-25,16 : 05,bull,3329.6,,3332.19,2.59,444.64
